,precision,recall,f1-score,support
happy,0.8457142857142858,0.8361581920903954,0.8409090909090909,354.0
love,0.7160493827160493,0.7160493827160493,0.7160493827160493,162.0
anger,0.64,0.5714285714285714,0.6037735849056604,140.0
fear,0.5105263157894737,0.5271739130434783,0.5187165775401069,184.0
sadness,0.6600790513833992,0.6958333333333333,0.6774847870182555,240.0
accuracy,0.7,0.7,0.7,0.7
macro avg,0.6744738071206416,0.6693286785223657,0.6713866846178326,1080.0
weighted avg,0.7012395107223484,0.7,0.7002317770558997,1080.0
