,precision,recall,f1-score,support
happy,0.8393351800554016,0.8657142857142858,0.8523206751054853,350.0
love,0.722972972972973,0.66875,0.6948051948051948,160.0
anger,0.5818181818181818,0.48120300751879697,0.5267489711934157,133.0
fear,0.5547945205479452,0.4550561797752809,0.5,178.0
sadness,0.6082474226804123,0.7531914893617021,0.6730038022813688,235.0
accuracy,0.6931818181818182,0.6931818181818182,0.6931818181818182,0.6931818181818182
macro avg,0.6614336556149829,0.6447829924740132,0.6493757286770929,1056.0
weighted avg,0.6898829316896928,0.6931818181818182,0.6881577406823834,1056.0
