,precision,recall,f1-score,support
negative,0.9748653500897666,0.985480943738657,0.98014440433213,551.0
positive,0.9841269841269841,0.9725490196078431,0.9783037475345168,510.0
accuracy,0.9792648444863337,0.9792648444863337,0.9792648444863337,0.9792648444863337
macro avg,0.9794961671083753,0.9790149816732501,0.9792240759333234,1061.0
weighted avg,0.9793172194196261,0.9792648444863337,0.9792596399902048,1061.0
