,precision,recall,f1-score,support
negative,0.980072463768116,0.9854280510018215,0.9827429609445958,549.0
positive,0.9841584158415841,0.9783464566929134,0.981243830207305,508.0
accuracy,0.9820245979186376,0.9820245979186376,0.9820245979186376,0.9820245979186376
macro avg,0.98211543980485,0.9818872538473675,0.9819933955759503,1057.0
weighted avg,0.9820361947551755,0.9820245979186376,0.9820224704861817,1057.0
