,precision,recall,f1-score,support
happy,0.8370165745856354,0.8632478632478633,0.8499298737727911,351.0
love,0.7241379310344828,0.65625,0.6885245901639344,160.0
anger,0.6347826086956522,0.5407407407407407,0.584,135.0
fear,0.53125,0.47752808988764045,0.5029585798816568,178.0
sadness,0.6344086021505376,0.7468354430379747,0.686046511627907,237.0
accuracy,0.700282752120641,0.700282752120641,0.700282752120641,0.700282752120641
macro avg,0.6723191432932616,0.6569204273828438,0.6622919110892578,1061.0
weighted avg,0.6977077073785728,0.700282752120641,0.6969358818051159,1061.0
