Word,Global_SHAP_Value
sesuai,0.9536666970793838
banget,0.9252388877069785
respon,0.64171607258658
seller,0.6391220620119805
recommended,0.5024437764659524
"banget,",0.37156270956620574
pelayanan,0.3582361586857587
packaging,0.35482416828976027
"cepat,",0.2835200475528836
mantap,0.27895947825163603
