Word,Global_SHAP_Value
barang,2.1548055848930603
beli,1.3874313321408063
bahan,0.5651410255906364
bagus,0.5489038209111025
mau,0.45798750352918904
harga,0.44582640787675265
pesanan,0.44466756261944296
proses,0.4430066004122001
gambar,0.4089934076958646
cepat,0.3685707803460814
